IP地址,端口,TLS,数据中心,地区,城市,网络延迟,下载速度
8.210.39.96,2087,true,HKG,Asia Pacific,Hong Kong,55 ms,19468 kB/s
47.243.169.63,2083,true,HKG,Asia Pacific,Hong Kong,73 ms,18158 kB/s
8.210.34.188,2087,true,HKG,Asia Pacific,Hong Kong,82 ms,18050 kB/s
47.76.178.146,2096,true,HKG,Asia Pacific,Hong Kong,89 ms,17077 kB/s
47.238.40.58,2053,true,HKG,Asia Pacific,Hong Kong,73 ms,16882 kB/s
8.210.65.1,2083,true,HKG,Asia Pacific,Hong Kong,77 ms,16403 kB/s
47.76.159.146,2083,true,HKG,Asia Pacific,Hong Kong,70 ms,15598 kB/s
8.217.85.14,2083,true,HKG,Asia Pacific,Hong Kong,58 ms,15396 kB/s
8.218.2.181,2053,true,HKG,Asia Pacific,Hong Kong,65 ms,15336 kB/s
47.243.107.148,8443,true,HKG,Asia Pacific,Hong Kong,62 ms,15328 kB/s
8.218.143.10,2053,true,HKG,Asia Pacific,Hong Kong,64 ms,15096 kB/s
47.243.74.220,8443,true,HKG,Asia Pacific,Hong Kong,67 ms,14663 kB/s
47.242.157.96,8443,true,HKG,Asia Pacific,Hong Kong,127 ms,14563 kB/s
47.242.252.237,2087,true,HKG,Asia Pacific,Hong Kong,85 ms,14479 kB/s
47.243.107.148,2096,true,HKG,Asia Pacific,Hong Kong,54 ms,14337 kB/s
47.76.37.57,2083,true,HKG,Asia Pacific,Hong Kong,70 ms,14243 kB/s
8.210.192.93,2083,true,HKG,Asia Pacific,Hong Kong,56 ms,14135 kB/s
47.242.36.78,8443,true,HKG,Asia Pacific,Hong Kong,71 ms,14096 kB/s
8.217.248.220,2087,true,HKG,Asia Pacific,Hong Kong,64 ms,14070 kB/s
47.242.54.157,2087,true,HKG,Asia Pacific,Hong Kong,64 ms,13873 kB/s
8.210.3.24,2083,true,HKG,Asia Pacific,Hong Kong,67 ms,13660 kB/s
47.243.86.79,2083,true,HKG,Asia Pacific,Hong Kong,64 ms,13603 kB/s
47.76.49.246,2087,true,HKG,Asia Pacific,Hong Kong,116 ms,13599 kB/s
47.243.206.150,2083,true,HKG,Asia Pacific,Hong Kong,73 ms,13246 kB/s
47.242.157.96,2087,true,HKG,Asia Pacific,Hong Kong,68 ms,13181 kB/s
8.210.101.157,2053,true,HKG,Asia Pacific,Hong Kong,103 ms,13024 kB/s
47.243.91.58,2096,true,HKG,Asia Pacific,Hong Kong,61 ms,13002 kB/s
47.76.159.146,2087,true,HKG,Asia Pacific,Hong Kong,64 ms,12873 kB/s
8.217.121.207,2087,true,HKG,Asia Pacific,Hong Kong,69 ms,12789 kB/s
8.218.142.253,2053,true,HKG,Asia Pacific,Hong Kong,65 ms,12727 kB/s
8.218.74.119,2096,true,HKG,Asia Pacific,Hong Kong,61 ms,12698 kB/s
47.76.204.76,2083,true,HKG,Asia Pacific,Hong Kong,55 ms,12369 kB/s
8.217.232.246,2096,true,HKG,Asia Pacific,Hong Kong,60 ms,12319 kB/s
47.242.234.127,2087,true,HKG,Asia Pacific,Hong Kong,59 ms,12250 kB/s
47.238.40.58,2087,true,HKG,Asia Pacific,Hong Kong,71 ms,12165 kB/s
8.217.250.222,2087,true,HKG,Asia Pacific,Hong Kong,65 ms,12106 kB/s
8.217.221.165,2087,true,HKG,Asia Pacific,Hong Kong,61 ms,12029 kB/s
47.242.174.27,8443,true,HKG,Asia Pacific,Hong Kong,79 ms,12025 kB/s
47.243.91.58,2053,true,HKG,Asia Pacific,Hong Kong,60 ms,11943 kB/s
8.218.74.119,2083,true,HKG,Asia Pacific,Hong Kong,65 ms,11798 kB/s
47.76.159.146,8443,true,HKG,Asia Pacific,Hong Kong,80 ms,11750 kB/s
47.242.155.183,2087,true,HKG,Asia Pacific,Hong Kong,60 ms,11494 kB/s
47.76.77.103,8443,true,HKG,Asia Pacific,Hong Kong,78 ms,11454 kB/s
47.243.169.63,8443,true,HKG,Asia Pacific,Hong Kong,90 ms,11436 kB/s
8.217.121.207,8443,true,HKG,Asia Pacific,Hong Kong,86 ms,11338 kB/s
47.76.33.40,2083,true,HKG,Asia Pacific,Hong Kong,72 ms,11289 kB/s
47.242.54.157,8443,true,HKG,Asia Pacific,Hong Kong,60 ms,11170 kB/s
8.210.207.214,2053,true,HKG,Asia Pacific,Hong Kong,60 ms,11026 kB/s
47.76.33.40,2087,true,HKG,Asia Pacific,Hong Kong,72 ms,10992 kB/s
47.76.178.146,2083,true,HKG,Asia Pacific,Hong Kong,62 ms,10972 kB/s
47.242.54.157,2096,true,HKG,Asia Pacific,Hong Kong,94 ms,10898 kB/s
8.210.175.109,2053,true,HKG,Asia Pacific,Hong Kong,61 ms,10797 kB/s
8.210.245.224,2083,true,HKG,Asia Pacific,Hong Kong,61 ms,10741 kB/s
47.242.174.27,2083,true,HKG,Asia Pacific,Hong Kong,70 ms,10690 kB/s
47.76.49.246,2083,true,HKG,Asia Pacific,Hong Kong,97 ms,10656 kB/s
8.218.3.12,8443,true,HKG,Asia Pacific,Hong Kong,56 ms,10654 kB/s
8.217.232.246,8443,true,HKG,Asia Pacific,Hong Kong,61 ms,10556 kB/s
47.76.178.146,2053,true,HKG,Asia Pacific,Hong Kong,74 ms,10488 kB/s
47.76.77.103,2096,true,HKG,Asia Pacific,Hong Kong,102 ms,10483 kB/s
8.217.159.210,2083,true,HKG,Asia Pacific,Hong Kong,81 ms,10434 kB/s
47.243.173.187,2096,true,HKG,Asia Pacific,Hong Kong,84 ms,10418 kB/s
47.243.139.85,8443,true,HKG,Asia Pacific,Hong Kong,115 ms,10393 kB/s
47.243.234.9,2053,true,HKG,Asia Pacific,Hong Kong,101 ms,10367 kB/s
47.242.174.27,2053,true,HKG,Asia Pacific,Hong Kong,73 ms,10292 kB/s
47.243.206.150,2053,true,HKG,Asia Pacific,Hong Kong,79 ms,10155 kB/s
47.243.42.219,8443,true,HKG,Asia Pacific,Hong Kong,72 ms,10067 kB/s
8.217.145.40,2087,true,HKG,Asia Pacific,Hong Kong,74 ms,10063 kB/s
47.76.178.146,8443,true,HKG,Asia Pacific,Hong Kong,66 ms,10023 kB/s
47.243.27.217,8443,true,HKG,Asia Pacific,Hong Kong,95 ms,9928 kB/s
47.242.252.237,2083,true,HKG,Asia Pacific,Hong Kong,88 ms,9886 kB/s
47.243.86.79,2096,true,HKG,Asia Pacific,Hong Kong,62 ms,9807 kB/s
47.242.36.78,2087,true,HKG,Asia Pacific,Hong Kong,74 ms,9807 kB/s
47.242.234.127,2096,true,HKG,Asia Pacific,Hong Kong,58 ms,9748 kB/s
47.243.203.119,2096,true,HKG,Asia Pacific,Hong Kong,80 ms,9556 kB/s
47.243.203.119,2083,true,HKG,Asia Pacific,Hong Kong,85 ms,9432 kB/s
47.243.86.79,8443,true,HKG,Asia Pacific,Hong Kong,72 ms,9370 kB/s
47.76.204.76,2096,true,HKG,Asia Pacific,Hong Kong,57 ms,9366 kB/s
8.210.39.96,2083,true,HKG,Asia Pacific,Hong Kong,64 ms,9304 kB/s
8.218.53.110,2087,true,HKG,Asia Pacific,Hong Kong,61 ms,9301 kB/s
8.210.175.109,2083,true,HKG,Asia Pacific,Hong Kong,60 ms,9144 kB/s
47.243.203.119,8443,true,HKG,Asia Pacific,Hong Kong,80 ms,9057 kB/s
47.243.74.220,2083,true,HKG,Asia Pacific,Hong Kong,55 ms,8967 kB/s
47.242.174.27,2087,true,HKG,Asia Pacific,Hong Kong,71 ms,8797 kB/s
47.243.169.63,2096,true,HKG,Asia Pacific,Hong Kong,78 ms,8717 kB/s
47.243.234.9,8443,true,HKG,Asia Pacific,Hong Kong,114 ms,8705 kB/s
47.76.77.103,2083,true,HKG,Asia Pacific,Hong Kong,98 ms,8656 kB/s
8.210.107.246,2053,true,HKG,Asia Pacific,Hong Kong,82 ms,8636 kB/s
47.76.32.108,2083,true,HKG,Asia Pacific,Hong Kong,58 ms,8597 kB/s
8.210.48.107,2083,true,HKG,Asia Pacific,Hong Kong,105 ms,8555 kB/s
8.217.121.207,2096,true,HKG,Asia Pacific,Hong Kong,85 ms,8551 kB/s
47.243.60.150,2053,true,HKG,Asia Pacific,Hong Kong,97 ms,8543 kB/s
47.243.169.63,2087,true,HKG,Asia Pacific,Hong Kong,82 ms,8538 kB/s
47.242.36.78,2053,true,HKG,Asia Pacific,Hong Kong,68 ms,8500 kB/s
47.243.42.219,2083,true,HKG,Asia Pacific,Hong Kong,80 ms,8450 kB/s
47.76.37.57,8443,true,HKG,Asia Pacific,Hong Kong,87 ms,8438 kB/s
47.76.94.15,2053,true,HKG,Asia Pacific,Hong Kong,63 ms,8436 kB/s
47.243.42.219,2087,true,HKG,Asia Pacific,Hong Kong,86 ms,8430 kB/s
47.236.10.182,2083,true,SIN,Asia Pacific,Singapore,235 ms,8381 kB/s
47.243.203.119,2087,true,HKG,Asia Pacific,Hong Kong,64 ms,8361 kB/s
8.210.21.65,2087,true,HKG,Asia Pacific,Hong Kong,63 ms,8342 kB/s
47.243.234.9,2096,true,HKG,Asia Pacific,Hong Kong,81 ms,8321 kB/s
47.243.139.243,2096,true,HKG,Asia Pacific,Hong Kong,87 ms,8321 kB/s
47.76.204.76,8443,true,HKG,Asia Pacific,Hong Kong,64 ms,8294 kB/s
47.243.107.148,2083,true,HKG,Asia Pacific,Hong Kong,73 ms,8224 kB/s
47.243.60.150,2096,true,HKG,Asia Pacific,Hong Kong,119 ms,8208 kB/s
47.243.183.127,2053,true,HKG,Asia Pacific,Hong Kong,93 ms,8120 kB/s
47.242.171.94,2083,true,HKG,Asia Pacific,Hong Kong,68 ms,8116 kB/s
47.243.107.148,2053,true,HKG,Asia Pacific,Hong Kong,64 ms,8104 kB/s
8.210.34.188,2053,true,HKG,Asia Pacific,Hong Kong,86 ms,8072 kB/s
8.210.245.224,2096,true,HKG,Asia Pacific,Hong Kong,73 ms,7977 kB/s
47.243.206.150,2087,true,HKG,Asia Pacific,Hong Kong,75 ms,7959 kB/s
8.210.245.224,8443,true,HKG,Asia Pacific,Hong Kong,61 ms,7946 kB/s
47.245.118.70,2053,true,SIN,Asia Pacific,Singapore,240 ms,7944 kB/s
8.222.249.190,2053,true,SIN,Asia Pacific,Singapore,208 ms,7920 kB/s
8.219.60.54,2096,true,SIN,Asia Pacific,Singapore,207 ms,7878 kB/s
8.217.147.230,2083,true,HKG,Asia Pacific,Hong Kong,66 ms,7858 kB/s
8.218.143.10,2096,true,HKG,Asia Pacific,Hong Kong,97 ms,7789 kB/s
8.222.237.131,2083,true,SIN,Asia Pacific,Singapore,245 ms,7753 kB/s
47.243.27.217,2096,true,HKG,Asia Pacific,Hong Kong,126 ms,7730 kB/s
8.210.192.93,2096,true,HKG,Asia Pacific,Hong Kong,80 ms,7717 kB/s
47.245.126.151,2087,true,SIN,Asia Pacific,Singapore,224 ms,7612 kB/s
47.243.139.243,2053,true,HKG,Asia Pacific,Hong Kong,91 ms,7566 kB/s
8.210.146.108,2096,true,HKG,Asia Pacific,Hong Kong,64 ms,7532 kB/s
47.243.42.219,2053,true,HKG,Asia Pacific,Hong Kong,103 ms,7418 kB/s
47.243.107.148,2087,true,HKG,Asia Pacific,Hong Kong,72 ms,7349 kB/s
8.217.250.222,8443,true,HKG,Asia Pacific,Hong Kong,61 ms,7307 kB/s
8.222.184.198,2083,true,SIN,Asia Pacific,Singapore,237 ms,7303 kB/s
8.210.174.156,2083,true,HKG,Asia Pacific,Hong Kong,59 ms,7229 kB/s
8.222.193.65,2096,true,SIN,Asia Pacific,Singapore,212 ms,7174 kB/s
47.76.33.40,8443,true,HKG,Asia Pacific,Hong Kong,77 ms,7168 kB/s
8.222.208.38,8443,true,SIN,Asia Pacific,Singapore,215 ms,7134 kB/s
47.245.105.224,2087,true,SIN,Asia Pacific,Singapore,225 ms,7106 kB/s
8.219.174.213,2087,true,SIN,Asia Pacific,Singapore,210 ms,7105 kB/s
8.217.232.246,2053,true,HKG,Asia Pacific,Hong Kong,61 ms,7052 kB/s
47.236.102.102,2083,true,SIN,Asia Pacific,Singapore,244 ms,7025 kB/s
47.245.102.52,2083,true,SIN,Asia Pacific,Singapore,217 ms,7011 kB/s
8.219.111.175,2096,true,SIN,Asia Pacific,Singapore,210 ms,6993 kB/s
8.222.134.170,2087,true,SIN,Asia Pacific,Singapore,240 ms,6955 kB/s
8.219.100.168,2053,true,SIN,Asia Pacific,Singapore,207 ms,6933 kB/s
8.210.48.107,8443,true,HKG,Asia Pacific,Hong Kong,94 ms,6888 kB/s
47.243.173.187,2083,true,HKG,Asia Pacific,Hong Kong,81 ms,6880 kB/s
8.217.159.210,2087,true,HKG,Asia Pacific,Hong Kong,81 ms,6877 kB/s
47.242.174.27,2096,true,HKG,Asia Pacific,Hong Kong,85 ms,6851 kB/s
47.242.157.96,2096,true,HKG,Asia Pacific,Hong Kong,120 ms,6817 kB/s
8.222.193.65,2083,true,SIN,Asia Pacific,Singapore,257 ms,6816 kB/s
8.210.119.11,2083,true,HKG,Asia Pacific,Hong Kong,67 ms,6814 kB/s
47.242.155.183,8443,true,HKG,Asia Pacific,Hong Kong,58 ms,6807 kB/s
47.243.86.79,2053,true,HKG,Asia Pacific,Hong Kong,61 ms,6796 kB/s
8.219.4.122,2083,true,SIN,Asia Pacific,Singapore,207 ms,6767 kB/s
8.219.0.162,2053,true,SIN,Asia Pacific,Singapore,255 ms,6709 kB/s
8.210.207.214,2087,true,HKG,Asia Pacific,Hong Kong,65 ms,6700 kB/s
47.236.164.215,2083,true,SIN,Asia Pacific,Singapore,215 ms,6680 kB/s
8.222.244.192,2087,true,SIN,Asia Pacific,Singapore,215 ms,6664 kB/s
47.236.10.182,8443,true,SIN,Asia Pacific,Singapore,242 ms,6643 kB/s
8.219.111.175,2083,true,SIN,Asia Pacific,Singapore,247 ms,6638 kB/s
47.236.102.102,2053,true,SIN,Asia Pacific,Singapore,221 ms,6630 kB/s
47.236.102.102,2096,true,SIN,Asia Pacific,Singapore,241 ms,6585 kB/s
8.222.156.242,2096,true,SIN,Asia Pacific,Singapore,253 ms,6571 kB/s
47.245.105.224,2053,true,SIN,Asia Pacific,Singapore,232 ms,6536 kB/s
8.219.209.14,2087,true,SIN,Asia Pacific,Singapore,213 ms,6526 kB/s
47.237.8.82,2053,true,SIN,Asia Pacific,Singapore,253 ms,6483 kB/s
47.245.102.52,2096,true,SIN,Asia Pacific,Singapore,237 ms,6475 kB/s
8.210.174.156,2087,true,HKG,Asia Pacific,Hong Kong,64 ms,6473 kB/s
8.219.117.198,2053,true,SIN,Asia Pacific,Singapore,215 ms,6441 kB/s
47.76.77.103,2053,true,HKG,Asia Pacific,Hong Kong,105 ms,6439 kB/s
8.219.99.169,2083,true,SIN,Asia Pacific,Singapore,224 ms,6411 kB/s
8.218.204.128,2096,true,HKG,Asia Pacific,Hong Kong,59 ms,6399 kB/s
47.245.118.70,2083,true,SIN,Asia Pacific,Singapore,239 ms,6393 kB/s
47.76.49.246,2096,true,HKG,Asia Pacific,Hong Kong,113 ms,6387 kB/s
8.217.121.207,2053,true,HKG,Asia Pacific,Hong Kong,64 ms,6381 kB/s
8.219.177.205,8443,true,SIN,Asia Pacific,Singapore,209 ms,6361 kB/s
47.243.173.187,8443,true,HKG,Asia Pacific,Hong Kong,98 ms,6348 kB/s
47.243.27.217,2083,true,HKG,Asia Pacific,Hong Kong,111 ms,6331 kB/s
8.222.191.138,2087,true,SIN,Asia Pacific,Singapore,225 ms,6305 kB/s
47.243.74.220,2087,true,HKG,Asia Pacific,Hong Kong,64 ms,6299 kB/s
8.218.53.110,2096,true,HKG,Asia Pacific,Hong Kong,63 ms,6297 kB/s
8.210.21.65,2053,true,HKG,Asia Pacific,Hong Kong,74 ms,6277 kB/s
47.237.95.156,2096,true,SIN,Asia Pacific,Singapore,226 ms,6261 kB/s
47.245.126.151,2083,true,SIN,Asia Pacific,Singapore,224 ms,6261 kB/s
8.218.143.10,8443,true,HKG,Asia Pacific,Hong Kong,93 ms,6235 kB/s
47.242.79.71,8443,true,HKG,Asia Pacific,Hong Kong,84 ms,6228 kB/s
8.218.122.55,2053,true,HKG,Asia Pacific,Hong Kong,68 ms,6224 kB/s
8.219.117.198,8443,true,SIN,Asia Pacific,Singapore,212 ms,6201 kB/s
8.217.127.73,2087,true,HKG,Asia Pacific,Hong Kong,80 ms,6195 kB/s
8.219.97.50,2096,true,SIN,Asia Pacific,Singapore,246 ms,6188 kB/s
47.236.10.182,2096,true,SIN,Asia Pacific,Singapore,232 ms,6182 kB/s
8.210.119.11,2096,true,HKG,Asia Pacific,Hong Kong,64 ms,6156 kB/s
8.222.156.242,8443,true,SIN,Asia Pacific,Singapore,212 ms,6155 kB/s
47.236.158.158,2053,true,SIN,Asia Pacific,Singapore,222 ms,6149 kB/s
8.217.127.73,2096,true,HKG,Asia Pacific,Hong Kong,61 ms,6148 kB/s
47.236.158.158,2087,true,SIN,Asia Pacific,Singapore,222 ms,6139 kB/s
47.237.11.182,2096,true,SIN,Asia Pacific,Singapore,221 ms,6128 kB/s
8.219.117.198,2083,true,SIN,Asia Pacific,Singapore,210 ms,6124 kB/s
47.243.206.150,2096,true,HKG,Asia Pacific,Hong Kong,70 ms,6108 kB/s
8.219.177.205,2053,true,SIN,Asia Pacific,Singapore,224 ms,6095 kB/s
8.222.208.38,2096,true,SIN,Asia Pacific,Singapore,211 ms,6092 kB/s
8.218.3.12,2083,true,HKG,Asia Pacific,Hong Kong,59 ms,6082 kB/s
8.219.248.47,8443,true,SIN,Asia Pacific,Singapore,206 ms,6076 kB/s
8.219.111.175,2087,true,SIN,Asia Pacific,Singapore,213 ms,6055 kB/s
8.218.3.12,2096,true,HKG,Asia Pacific,Hong Kong,68 ms,6043 kB/s
8.222.164.209,2053,true,SIN,Asia Pacific,Singapore,214 ms,6038 kB/s
8.219.248.47,2083,true,SIN,Asia Pacific,Singapore,218 ms,6030 kB/s
8.210.245.224,2053,true,HKG,Asia Pacific,Hong Kong,70 ms,6028 kB/s
47.242.155.183,2096,true,HKG,Asia Pacific,Hong Kong,64 ms,6026 kB/s
47.245.102.52,2087,true,SIN,Asia Pacific,Singapore,229 ms,6024 kB/s
8.217.147.230,8443,true,HKG,Asia Pacific,Hong Kong,60 ms,6004 kB/s
47.242.17.250,2053,true,HKG,Asia Pacific,Hong Kong,87 ms,5999 kB/s
8.217.250.222,2096,true,HKG,Asia Pacific,Hong Kong,66 ms,5996 kB/s
47.236.237.90,8443,true,SIN,Asia Pacific,Singapore,209 ms,5992 kB/s
8.219.161.129,2096,true,SIN,Asia Pacific,Singapore,248 ms,5980 kB/s
8.219.142.191,8443,true,SIN,Asia Pacific,Singapore,226 ms,5979 kB/s
47.237.84.173,2053,true,SIN,Asia Pacific,Singapore,218 ms,5919 kB/s
8.210.192.93,2087,true,HKG,Asia Pacific,Hong Kong,63 ms,5911 kB/s
47.245.102.52,8443,true,SIN,Asia Pacific,Singapore,219 ms,5906 kB/s
47.236.17.193,2087,true,SIN,Asia Pacific,Singapore,221 ms,5892 kB/s
47.76.159.146,2053,true,HKG,Asia Pacific,Hong Kong,87 ms,5892 kB/s
47.245.84.124,2083,true,SIN,Asia Pacific,Singapore,252 ms,5889 kB/s
8.219.174.142,2087,true,SIN,Asia Pacific,Singapore,219 ms,5887 kB/s
47.243.139.85,2087,true,HKG,Asia Pacific,Hong Kong,81 ms,5884 kB/s
8.222.162.45,2087,true,SIN,Asia Pacific,Singapore,229 ms,5880 kB/s
8.219.78.188,2096,true,SIN,Asia Pacific,Singapore,212 ms,5879 kB/s
47.236.167.231,2087,true,SIN,Asia Pacific,Singapore,243 ms,5858 kB/s
8.219.194.170,2096,true,SIN,Asia Pacific,Singapore,223 ms,5854 kB/s
8.218.143.10,2087,true,HKG,Asia Pacific,Hong Kong,75 ms,5851 kB/s
8.210.9.129,2053,true,HKG,Asia Pacific,Hong Kong,80 ms,5829 kB/s
47.236.237.90,2053,true,SIN,Asia Pacific,Singapore,208 ms,5815 kB/s
47.236.237.90,2083,true,SIN,Asia Pacific,Singapore,262 ms,5799 kB/s
8.218.204.128,2053,true,HKG,Asia Pacific,Hong Kong,59 ms,5795 kB/s
8.222.208.38,443,true,SIN,Asia Pacific,Singapore,221 ms,5788 kB/s
47.242.176.237,2083,true,HKG,Asia Pacific,Hong Kong,87 ms,5774 kB/s
8.210.207.214,2096,true,HKG,Asia Pacific,Hong Kong,63 ms,5773 kB/s
47.236.180.51,2083,true,SIN,Asia Pacific,Singapore,277 ms,5770 kB/s
8.222.164.209,2083,true,SIN,Asia Pacific,Singapore,209 ms,5751 kB/s
8.222.150.197,2083,true,SIN,Asia Pacific,Singapore,219 ms,5740 kB/s
8.219.60.54,2083,true,SIN,Asia Pacific,Singapore,251 ms,5718 kB/s
47.242.252.237,2096,true,HKG,Asia Pacific,Hong Kong,86 ms,5717 kB/s
8.219.191.40,2087,true,SIN,Asia Pacific,Singapore,246 ms,5700 kB/s
8.219.114.201,443,true,SIN,Asia Pacific,Singapore,270 ms,5669 kB/s
47.236.180.51,2053,true,SIN,Asia Pacific,Singapore,239 ms,5663 kB/s
47.243.74.220,2053,true,HKG,Asia Pacific,Hong Kong,111 ms,5652 kB/s
47.242.36.78,2096,true,HKG,Asia Pacific,Hong Kong,72 ms,5650 kB/s
8.219.104.37,2096,true,SIN,Asia Pacific,Singapore,248 ms,5612 kB/s
47.76.94.15,2096,true,HKG,Asia Pacific,Hong Kong,63 ms,5611 kB/s
47.242.155.183,2083,true,HKG,Asia Pacific,Hong Kong,70 ms,5606 kB/s
47.236.93.176,2053,true,SIN,Asia Pacific,Singapore,233 ms,5596 kB/s
8.219.222.98,2053,true,SIN,Asia Pacific,Singapore,244 ms,5576 kB/s
8.217.147.230,2053,true,HKG,Asia Pacific,Hong Kong,68 ms,5565 kB/s
47.236.254.120,2083,true,SIN,Asia Pacific,Singapore,216 ms,5564 kB/s
47.243.86.79,2087,true,HKG,Asia Pacific,Hong Kong,62 ms,5558 kB/s
47.236.93.176,8443,true,SIN,Asia Pacific,Singapore,210 ms,5556 kB/s
8.218.3.12,2087,true,HKG,Asia Pacific,Hong Kong,67 ms,5545 kB/s
47.236.167.231,8443,true,SIN,Asia Pacific,Singapore,261 ms,5506 kB/s
8.219.191.110,2087,true,SIN,Asia Pacific,Singapore,211 ms,5467 kB/s
47.236.202.91,2053,true,SIN,Asia Pacific,Singapore,223 ms,5458 kB/s
8.219.98.13,8443,true,SIN,Asia Pacific,Singapore,211 ms,5455 kB/s
47.245.105.224,8443,true,SIN,Asia Pacific,Singapore,220 ms,5447 kB/s
8.219.177.205,2096,true,SIN,Asia Pacific,Singapore,210 ms,5424 kB/s
47.76.32.108,2087,true,HKG,Asia Pacific,Hong Kong,62 ms,5409 kB/s
47.76.77.103,2087,true,HKG,Asia Pacific,Hong Kong,101 ms,5400 kB/s
8.219.174.213,2053,true,SIN,Asia Pacific,Singapore,227 ms,5391 kB/s
8.222.134.170,2096,true,SIN,Asia Pacific,Singapore,218 ms,5383 kB/s
8.222.165.117,2087,true,SIN,Asia Pacific,Singapore,223 ms,5375 kB/s
8.219.1.92,2053,true,SIN,Asia Pacific,Singapore,223 ms,5371 kB/s
8.219.111.175,8443,true,SIN,Asia Pacific,Singapore,232 ms,5368 kB/s
47.236.165.25,2083,true,SIN,Asia Pacific,Singapore,223 ms,5337 kB/s
47.76.32.108,2096,true,HKG,Asia Pacific,Hong Kong,69 ms,5326 kB/s
8.222.208.38,2083,true,SIN,Asia Pacific,Singapore,226 ms,5318 kB/s
47.236.202.91,2083,true,SIN,Asia Pacific,Singapore,212 ms,5314 kB/s
47.245.102.52,2053,true,SIN,Asia Pacific,Singapore,251 ms,5310 kB/s
8.219.147.58,2096,true,SIN,Asia Pacific,Singapore,219 ms,5279 kB/s
8.219.60.54,2053,true,SIN,Asia Pacific,Singapore,222 ms,5272 kB/s
47.237.10.1,2096,true,SIN,Asia Pacific,Singapore,222 ms,5271 kB/s
8.219.117.198,2096,true,SIN,Asia Pacific,Singapore,241 ms,5270 kB/s
47.242.36.78,2083,true,HKG,Asia Pacific,Hong Kong,83 ms,5270 kB/s
8.222.183.242,2096,true,SIN,Asia Pacific,Singapore,220 ms,5267 kB/s
8.222.181.117,2053,true,SIN,Asia Pacific,Singapore,213 ms,5263 kB/s
8.219.161.129,2083,true,SIN,Asia Pacific,Singapore,224 ms,5253 kB/s
47.243.234.9,2083,true,HKG,Asia Pacific,Hong Kong,127 ms,5248 kB/s
8.219.6.150,8443,true,SIN,Asia Pacific,Singapore,218 ms,5247 kB/s
8.219.106.156,2087,true,SIN,Asia Pacific,Singapore,214 ms,5225 kB/s
47.237.8.82,2083,true,SIN,Asia Pacific,Singapore,220 ms,5224 kB/s
47.236.80.110,2096,true,SIN,Asia Pacific,Singapore,206 ms,5213 kB/s
8.219.200.145,2087,true,SIN,Asia Pacific,Singapore,208 ms,5209 kB/s
8.219.142.191,2053,true,SIN,Asia Pacific,Singapore,212 ms,5208 kB/s
47.76.204.76,2087,true,HKG,Asia Pacific,Hong Kong,76 ms,5205 kB/s
47.236.167.231,2053,true,SIN,Asia Pacific,Singapore,211 ms,5195 kB/s
8.219.153.237,2083,true,NRT,Asia Pacific,Tokyo,311 ms,5186 kB/s
8.219.132.64,2083,true,SIN,Asia Pacific,Singapore,240 ms,5170 kB/s
47.237.86.185,2096,true,SIN,Asia Pacific,Singapore,234 ms,5162 kB/s
47.237.84.173,8443,true,SIN,Asia Pacific,Singapore,229 ms,5161 kB/s
47.243.27.217,2087,true,HKG,Asia Pacific,Hong Kong,102 ms,5147 kB/s
8.219.142.191,2083,true,SIN,Asia Pacific,Singapore,218 ms,5134 kB/s
8.210.175.109,2096,true,HKG,Asia Pacific,Hong Kong,68 ms,5131 kB/s
47.243.183.127,8443,true,HKG,Asia Pacific,Hong Kong,98 ms,5122 kB/s
8.219.147.58,2087,true,SIN,Asia Pacific,Singapore,214 ms,5119 kB/s
47.242.171.94,8443,true,HKG,Asia Pacific,Hong Kong,70 ms,5116 kB/s
8.219.222.98,2087,true,SIN,Asia Pacific,Singapore,228 ms,5115 kB/s
8.222.193.65,443,true,SIN,Asia Pacific,Singapore,215 ms,5097 kB/s
8.219.51.211,2087,true,SIN,Asia Pacific,Singapore,218 ms,5087 kB/s
8.219.229.190,2087,true,SIN,Asia Pacific,Singapore,217 ms,5077 kB/s
8.210.9.129,2087,true,HKG,Asia Pacific,Hong Kong,97 ms,5076 kB/s
8.222.181.117,2083,true,SIN,Asia Pacific,Singapore,214 ms,5074 kB/s
47.237.100.206,2096,true,SIN,Asia Pacific,Singapore,214 ms,5074 kB/s
47.237.14.220,2096,true,SIN,Asia Pacific,Singapore,217 ms,5070 kB/s
8.222.183.242,8443,true,SIN,Asia Pacific,Singapore,210 ms,5063 kB/s
47.236.254.120,2053,true,SIN,Asia Pacific,Singapore,230 ms,5055 kB/s
8.219.193.202,2096,true,SIN,Asia Pacific,Singapore,232 ms,5054 kB/s
47.236.253.41,2083,true,SIN,Asia Pacific,Singapore,245 ms,5049 kB/s
8.219.194.170,2087,true,SIN,Asia Pacific,Singapore,232 ms,5021 kB/s
47.236.202.91,8443,true,SIN,Asia Pacific,Singapore,230 ms,5016 kB/s
8.219.191.40,2053,true,SIN,Asia Pacific,Singapore,226 ms,5010 kB/s
8.219.126.240,2087,true,SIN,Asia Pacific,Singapore,223 ms,5002 kB/s
47.236.80.110,2083,true,SIN,Asia Pacific,Singapore,212 ms,4988 kB/s
47.237.84.173,2083,true,SIN,Asia Pacific,Singapore,234 ms,4987 kB/s
47.236.253.41,2096,true,SIN,Asia Pacific,Singapore,217 ms,4983 kB/s
47.237.82.15,2087,true,SIN,Asia Pacific,Singapore,217 ms,4978 kB/s
8.219.191.40,2096,true,SIN,Asia Pacific,Singapore,220 ms,4949 kB/s
8.219.174.213,2096,true,SIN,Asia Pacific,Singapore,207 ms,4945 kB/s
8.210.245.224,2087,true,HKG,Asia Pacific,Hong Kong,78 ms,4930 kB/s
8.217.248.220,2083,true,HKG,Asia Pacific,Hong Kong,59 ms,4923 kB/s
8.219.11.158,2087,true,SIN,Asia Pacific,Singapore,233 ms,4881 kB/s
8.219.66.156,2096,true,NRT,Asia Pacific,Tokyo,285 ms,4875 kB/s
8.218.142.253,2087,true,HKG,Asia Pacific,Hong Kong,56 ms,4861 kB/s
47.76.146.1,2083,true,HKG,Asia Pacific,Hong Kong,74 ms,4857 kB/s
8.210.3.24,2053,true,HKG,Asia Pacific,Hong Kong,69 ms,4852 kB/s
8.210.146.108,2083,true,HKG,Asia Pacific,Hong Kong,63 ms,4850 kB/s
8.210.3.24,8443,true,HKG,Asia Pacific,Hong Kong,70 ms,4841 kB/s
8.222.208.38,2053,true,SIN,Asia Pacific,Singapore,219 ms,4840 kB/s
47.243.173.187,2087,true,HKG,Asia Pacific,Hong Kong,87 ms,4807 kB/s
8.219.229.190,2096,true,SIN,Asia Pacific,Singapore,231 ms,4805 kB/s
8.219.199.220,8443,true,SIN,Asia Pacific,Singapore,208 ms,4800 kB/s
8.219.98.13,2087,true,SIN,Asia Pacific,Singapore,217 ms,4790 kB/s
8.222.164.209,2096,true,SIN,Asia Pacific,Singapore,225 ms,4789 kB/s
8.222.179.231,2096,true,SIN,Asia Pacific,Singapore,221 ms,4766 kB/s
8.218.204.128,2087,true,HKG,Asia Pacific,Hong Kong,64 ms,4747 kB/s
47.237.95.146,2096,true,SIN,Asia Pacific,Singapore,239 ms,4740 kB/s
47.236.180.51,8443,true,SIN,Asia Pacific,Singapore,261 ms,4737 kB/s
8.210.21.65,2083,true,HKG,Asia Pacific,Hong Kong,77 ms,4732 kB/s
8.210.21.65,2096,true,HKG,Asia Pacific,Hong Kong,75 ms,4729 kB/s
8.219.66.156,2083,true,NRT,Asia Pacific,Tokyo,288 ms,4724 kB/s
47.236.237.90,2096,true,SIN,Asia Pacific,Singapore,229 ms,4724 kB/s
8.219.200.145,2096,true,SIN,Asia Pacific,Singapore,229 ms,4709 kB/s
8.219.114.201,2096,true,SIN,Asia Pacific,Singapore,212 ms,4693 kB/s
47.243.203.119,2053,true,HKG,Asia Pacific,Hong Kong,80 ms,4690 kB/s
8.219.199.220,2087,true,SIN,Asia Pacific,Singapore,213 ms,4690 kB/s
47.236.174.206,2083,true,SIN,Asia Pacific,Singapore,221 ms,4684 kB/s
47.242.252.237,8443,true,HKG,Asia Pacific,Hong Kong,73 ms,4662 kB/s
8.219.120.87,2083,true,SIN,Asia Pacific,Singapore,239 ms,4653 kB/s
8.217.127.73,8443,true,HKG,Asia Pacific,Hong Kong,74 ms,4636 kB/s
47.236.253.41,2053,true,SIN,Asia Pacific,Singapore,224 ms,4633 kB/s
8.218.53.110,2083,true,HKG,Asia Pacific,Hong Kong,62 ms,4629 kB/s
8.210.48.107,2087,true,HKG,Asia Pacific,Hong Kong,108 ms,4623 kB/s
8.219.200.145,2083,true,SIN,Asia Pacific,Singapore,218 ms,4592 kB/s
47.237.92.26,2087,true,SIN,Asia Pacific,Singapore,240 ms,4591 kB/s
8.217.250.222,2053,true,HKG,Asia Pacific,Hong Kong,58 ms,4590 kB/s
8.222.191.138,2053,true,SIN,Asia Pacific,Singapore,230 ms,4586 kB/s
47.237.83.20,2087,true,SIN,Asia Pacific,Singapore,222 ms,4583 kB/s
8.222.183.242,2087,true,SIN,Asia Pacific,Singapore,206 ms,4538 kB/s
47.236.180.24,2087,true,SIN,Asia Pacific,Singapore,217 ms,4538 kB/s
47.76.32.108,2053,true,HKG,Asia Pacific,Hong Kong,64 ms,4471 kB/s
47.76.178.146,2087,true,HKG,Asia Pacific,Hong Kong,77 ms,4445 kB/s
47.237.94.140,2083,true,SIN,Asia Pacific,Singapore,222 ms,4442 kB/s
47.245.84.124,8443,true,SIN,Asia Pacific,Singapore,246 ms,4434 kB/s
8.210.192.93,8443,true,HKG,Asia Pacific,Hong Kong,66 ms,4421 kB/s
8.219.110.81,2096,true,SIN,Asia Pacific,Singapore,209 ms,4406 kB/s
8.219.229.190,8443,true,SIN,Asia Pacific,Singapore,233 ms,4356 kB/s
8.222.156.242,2087,true,SIN,Asia Pacific,Singapore,207 ms,4354 kB/s
8.219.106.156,2096,true,SIN,Asia Pacific,Singapore,220 ms,4327 kB/s
47.237.8.82,2087,true,SIN,Asia Pacific,Singapore,213 ms,4319 kB/s
8.210.119.11,2087,true,HKG,Asia Pacific,Hong Kong,79 ms,4316 kB/s
47.236.180.51,2096,true,SIN,Asia Pacific,Singapore,224 ms,4313 kB/s
47.236.174.206,2096,true,SIN,Asia Pacific,Singapore,237 ms,4305 kB/s
47.243.206.150,8443,true,HKG,Asia Pacific,Hong Kong,109 ms,4296 kB/s
8.219.66.156,2053,true,NRT,Asia Pacific,Tokyo,286 ms,4293 kB/s
47.236.164.215,8443,true,SIN,Asia Pacific,Singapore,222 ms,4266 kB/s
8.217.145.40,2083,true,HKG,Asia Pacific,Hong Kong,69 ms,4251 kB/s
47.236.202.91,2096,true,SIN,Asia Pacific,Singapore,221 ms,4239 kB/s
47.76.32.108,8443,true,HKG,Asia Pacific,Hong Kong,67 ms,4204 kB/s
47.236.253.41,2087,true,SIN,Asia Pacific,Singapore,221 ms,4203 kB/s
47.243.139.243,2087,true,HKG,Asia Pacific,Hong Kong,73 ms,4181 kB/s
8.219.78.1,2083,true,SIN,Asia Pacific,Singapore,221 ms,4159 kB/s
47.236.125.62,8443,true,NRT,Asia Pacific,Tokyo,286 ms,4159 kB/s
8.219.153.237,2053,true,NRT,Asia Pacific,Tokyo,303 ms,4153 kB/s
47.238.164.202,443,true,HKG,Asia Pacific,Hong Kong,52 ms,4133 kB/s
47.76.33.40,2096,true,HKG,Asia Pacific,Hong Kong,77 ms,4129 kB/s
47.236.158.158,2083,true,SIN,Asia Pacific,Singapore,246 ms,4114 kB/s
8.219.161.129,2087,true,SIN,Asia Pacific,Singapore,234 ms,4113 kB/s
8.222.208.38,2087,true,SIN,Asia Pacific,Singapore,220 ms,4079 kB/s
8.219.200.145,2053,true,SIN,Asia Pacific,Singapore,212 ms,4054 kB/s
47.236.125.62,2083,true,NRT,Asia Pacific,Tokyo,289 ms,4034 kB/s
8.210.174.156,8443,true,HKG,Asia Pacific,Hong Kong,63 ms,4020 kB/s
47.236.253.41,8443,true,SIN,Asia Pacific,Singapore,217 ms,3973 kB/s
47.243.60.150,8443,true,HKG,Asia Pacific,Hong Kong,103 ms,3970 kB/s
8.219.174.213,2083,true,SIN,Asia Pacific,Singapore,215 ms,3957 kB/s
8.217.90.154,443,true,HKG,Asia Pacific,Hong Kong,68 ms,3925 kB/s
8.219.66.156,2087,true,NRT,Asia Pacific,Tokyo,285 ms,3919 kB/s
8.219.229.190,2083,true,SIN,Asia Pacific,Singapore,224 ms,3919 kB/s
8.210.34.188,2083,true,HKG,Asia Pacific,Hong Kong,80 ms,3862 kB/s
47.236.174.206,2087,true,SIN,Asia Pacific,Singapore,221 ms,3833 kB/s
8.219.194.170,8443,true,SIN,Asia Pacific,Singapore,249 ms,3827 kB/s
47.76.94.15,8443,true,HKG,Asia Pacific,Hong Kong,82 ms,3813 kB/s
47.236.170.225,8443,true,SIN,Asia Pacific,Singapore,226 ms,3804 kB/s
47.236.254.120,2096,true,SIN,Asia Pacific,Singapore,218 ms,3782 kB/s
8.219.153.237,2096,true,NRT,Asia Pacific,Tokyo,288 ms,3752 kB/s
47.237.84.173,2087,true,SIN,Asia Pacific,Singapore,213 ms,3727 kB/s
47.76.49.246,8443,true,HKG,Asia Pacific,Hong Kong,112 ms,3695 kB/s
8.210.175.109,2087,true,HKG,Asia Pacific,Hong Kong,71 ms,3675 kB/s
47.242.171.94,2053,true,HKG,Asia Pacific,Hong Kong,69 ms,3611 kB/s
8.217.248.220,2096,true,HKG,Asia Pacific,Hong Kong,61 ms,3597 kB/s
8.210.34.188,2096,true,HKG,Asia Pacific,Hong Kong,65 ms,3596 kB/s
8.210.21.65,8443,true,HKG,Asia Pacific,Hong Kong,74 ms,3596 kB/s
8.210.34.188,8443,true,HKG,Asia Pacific,Hong Kong,56 ms,3594 kB/s
8.218.122.55,2087,true,HKG,Asia Pacific,Hong Kong,55 ms,3580 kB/s
47.236.202.91,2087,true,SIN,Asia Pacific,Singapore,224 ms,3565 kB/s
47.237.0.31,2087,true,SIN,Asia Pacific,Singapore,217 ms,3518 kB/s
47.245.84.124,2053,true,SIN,Asia Pacific,Singapore,243 ms,3491 kB/s
47.243.139.85,2083,true,HKG,Asia Pacific,Hong Kong,81 ms,3483 kB/s
47.236.180.24,2096,true,SIN,Asia Pacific,Singapore,226 ms,3471 kB/s
47.237.14.220,2087,true,SIN,Asia Pacific,Singapore,214 ms,3465 kB/s
8.210.174.156,2053,true,HKG,Asia Pacific,Hong Kong,62 ms,3464 kB/s
8.217.127.73,2053,true,HKG,Asia Pacific,Hong Kong,86 ms,3408 kB/s
47.242.59.216,2096,true,HKG,Asia Pacific,Hong Kong,88 ms,3343 kB/s
8.210.9.129,8443,true,HKG,Asia Pacific,Hong Kong,74 ms,3336 kB/s
8.210.207.214,8443,true,HKG,Asia Pacific,Hong Kong,68 ms,3321 kB/s
47.236.85.11,8443,true,SIN,Asia Pacific,Singapore,218 ms,3304 kB/s
47.236.237.90,2087,true,SIN,Asia Pacific,Singapore,226 ms,3301 kB/s
47.242.171.94,2087,true,HKG,Asia Pacific,Hong Kong,83 ms,3273 kB/s
8.219.83.71,2096,true,SIN,Asia Pacific,Singapore,230 ms,3245 kB/s
47.243.91.58,8443,true,HKG,Asia Pacific,Hong Kong,100 ms,3212 kB/s
8.219.153.237,8443,true,NRT,Asia Pacific,Tokyo,290 ms,3193 kB/s
47.76.204.76,2053,true,HKG,Asia Pacific,Hong Kong,64 ms,3185 kB/s
8.219.153.237,2087,true,NRT,Asia Pacific,Tokyo,306 ms,3175 kB/s
47.243.60.150,2087,true,HKG,Asia Pacific,Hong Kong,112 ms,3135 kB/s
8.218.122.55,8443,true,HKG,Asia Pacific,Hong Kong,63 ms,3131 kB/s
8.210.39.96,2053,true,HKG,Asia Pacific,Hong Kong,58 ms,3119 kB/s
47.242.59.216,2087,true,HKG,Asia Pacific,Hong Kong,91 ms,3103 kB/s
8.217.147.230,2087,true,HKG,Asia Pacific,Hong Kong,96 ms,3100 kB/s
47.237.95.13,2087,true,SIN,Asia Pacific,Singapore,209 ms,3093 kB/s
8.210.48.107,2053,true,HKG,Asia Pacific,Hong Kong,136 ms,3033 kB/s
47.236.80.110,2087,true,SIN,Asia Pacific,Singapore,211 ms,3007 kB/s
47.245.86.230,2087,true,SIN,Asia Pacific,Singapore,245 ms,3004 kB/s
47.245.84.124,2096,true,SIN,Asia Pacific,Singapore,251 ms,2959 kB/s
8.219.114.201,2083,true,SIN,Asia Pacific,Singapore,241 ms,2953 kB/s
47.243.60.150,2083,true,HKG,Asia Pacific,Hong Kong,90 ms,2927 kB/s
8.218.122.55,2083,true,HKG,Asia Pacific,Hong Kong,61 ms,2854 kB/s
8.217.232.246,2087,true,HKG,Asia Pacific,Hong Kong,61 ms,2780 kB/s
47.236.170.225,2096,true,SIN,Asia Pacific,Singapore,215 ms,2761 kB/s
8.210.3.24,2096,true,HKG,Asia Pacific,Hong Kong,86 ms,2741 kB/s
8.218.122.55,2096,true,HKG,Asia Pacific,Hong Kong,56 ms,2706 kB/s
47.242.17.250,2087,true,HKG,Asia Pacific,Hong Kong,60 ms,2655 kB/s
47.245.118.70,2096,true,SIN,Asia Pacific,Singapore,252 ms,2639 kB/s
8.222.193.65,8443,true,SIN,Asia Pacific,Singapore,235 ms,2596 kB/s
47.236.125.62,2096,true,NRT,Asia Pacific,Tokyo,290 ms,2582 kB/s
47.243.234.9,2087,true,HKG,Asia Pacific,Hong Kong,110 ms,2520 kB/s
47.242.17.250,2083,true,HKG,Asia Pacific,Hong Kong,71 ms,2498 kB/s
47.236.125.62,2087,true,NRT,Asia Pacific,Tokyo,297 ms,2483 kB/s
8.219.114.201,2053,true,SIN,Asia Pacific,Singapore,243 ms,2434 kB/s
47.245.84.124,2087,true,SIN,Asia Pacific,Singapore,234 ms,2406 kB/s
47.237.82.15,2096,true,SIN,Asia Pacific,Singapore,247 ms,2361 kB/s
47.242.59.216,8443,true,HKG,Asia Pacific,Hong Kong,80 ms,2348 kB/s
47.245.86.230,8443,true,SIN,Asia Pacific,Singapore,269 ms,2338 kB/s
8.210.3.24,2087,true,HKG,Asia Pacific,Hong Kong,88 ms,2309 kB/s
8.218.204.128,8443,true,HKG,Asia Pacific,Hong Kong,60 ms,2259 kB/s
8.219.49.65,2087,true,SIN,Asia Pacific,Singapore,216 ms,2240 kB/s
47.243.74.220,2096,true,HKG,Asia Pacific,Hong Kong,67 ms,2233 kB/s
47.242.17.250,2096,true,HKG,Asia Pacific,Hong Kong,61 ms,2195 kB/s
8.219.114.201,8443,true,SIN,Asia Pacific,Singapore,236 ms,2172 kB/s
47.242.176.237,2096,true,HKG,Asia Pacific,Hong Kong,83 ms,2158 kB/s
47.242.157.96,2083,true,HKG,Asia Pacific,Hong Kong,63 ms,2146 kB/s
47.76.146.1,2053,true,HKG,Asia Pacific,Hong Kong,66 ms,2123 kB/s
47.243.183.127,2096,true,HKG,Asia Pacific,Hong Kong,84 ms,2057 kB/s
47.245.86.230,2053,true,SIN,Asia Pacific,Singapore,229 ms,2022 kB/s
8.210.9.129,2096,true,HKG,Asia Pacific,Hong Kong,92 ms,2004 kB/s
8.218.142.253,2083,true,HKG,Asia Pacific,Hong Kong,65 ms,1944 kB/s
47.243.5.154,8443,true,HKG,Asia Pacific,Hong Kong,102 ms,1714 kB/s
47.243.139.85,2053,true,HKG,Asia Pacific,Hong Kong,61 ms,1705 kB/s
47.243.183.127,2087,true,HKG,Asia Pacific,Hong Kong,94 ms,1702 kB/s
47.243.183.127,2083,true,HKG,Asia Pacific,Hong Kong,79 ms,1670 kB/s
47.236.125.62,2053,true,NRT,Asia Pacific,Tokyo,293 ms,1609 kB/s
47.243.139.243,8443,true,HKG,Asia Pacific,Hong Kong,81 ms,1353 kB/s
47.243.5.154,2083,true,HKG,Asia Pacific,Hong Kong,70 ms,1266 kB/s
8.218.74.119,8443,true,HKG,Asia Pacific,Hong Kong,69 ms,1129 kB/s
8.217.85.14,2053,true,HKG,Asia Pacific,Hong Kong,59 ms,1119 kB/s
47.76.146.1,2087,true,HKG,Asia Pacific,Hong Kong,88 ms,1036 kB/s
47.243.5.154,2053,true,HKG,Asia Pacific,Hong Kong,66 ms,984 kB/s
47.243.139.85,2096,true,HKG,Asia Pacific,Hong Kong,102 ms,860 kB/s
47.242.17.250,8443,true,HKG,Asia Pacific,Hong Kong,63 ms,822 kB/s
47.245.86.230,2083,true,SIN,Asia Pacific,Singapore,223 ms,761 kB/s
47.245.118.70,2087,true,SIN,Asia Pacific,Singapore,248 ms,716 kB/s
47.236.113.184,443,true,SIN,Asia Pacific,Singapore,216 ms,713 kB/s
47.76.146.1,8443,true,HKG,Asia Pacific,Hong Kong,68 ms,572 kB/s
47.245.86.230,2096,true,SIN,Asia Pacific,Singapore,240 ms,532 kB/s
47.242.79.71,2083,true,HKG,Asia Pacific,Hong Kong,67 ms,464 kB/s
47.76.146.1,2096,true,HKG,Asia Pacific,Hong Kong,81 ms,400 kB/s
47.242.79.71,2087,true,HKG,Asia Pacific,Hong Kong,66 ms,381 kB/s
8.217.248.220,8443,true,HKG,Asia Pacific,Hong Kong,64 ms,376 kB/s
47.243.90.180,2053,true,HKG,Asia Pacific,Hong Kong,57 ms,307 kB/s
47.243.90.180,2096,true,HKG,Asia Pacific,Hong Kong,60 ms,265 kB/s
47.242.79.71,2053,true,HKG,Asia Pacific,Hong Kong,72 ms,243 kB/s
47.242.202.230,8443,true,HKG,Asia Pacific,Hong Kong,83 ms,224 kB/s
47.242.202.230,2087,true,HKG,Asia Pacific,Hong Kong,90 ms,198 kB/s
8.222.214.231,2087,true,SIN,Asia Pacific,Singapore,221 ms,182 kB/s
47.242.202.230,2053,true,HKG,Asia Pacific,Hong Kong,95 ms,147 kB/s
47.242.202.230,2083,true,HKG,Asia Pacific,Hong Kong,100 ms,96 kB/s
8.218.63.172,443,true,HKG,Asia Pacific,Hong Kong,63 ms,77 kB/s
8.222.214.231,2083,true,SIN,Asia Pacific,Singapore,239 ms,77 kB/s
47.57.13.107,443,true,HKG,Asia Pacific,Hong Kong,64 ms,70 kB/s
149.129.8.215,443,true,SJC,North America,San Jose,92 ms,54 kB/s
47.89.244.253,443,true,SJC,North America,San Jose,185 ms,8 kB/s
47.76.94.15,2083,true,HKG,Asia Pacific,Hong Kong,85 ms,6 kB/s
8.219.98.13,2083,true,SIN,Asia Pacific,Singapore,217 ms,0 kB/s
8.222.181.117,2096,true,SIN,Asia Pacific,Singapore,221 ms,0 kB/s
47.76.94.15,2087,true,HKG,Asia Pacific,Hong Kong,85 ms,0 kB/s
8.222.193.65,2053,true,SIN,Asia Pacific,Singapore,235 ms,0 kB/s
47.236.254.120,2087,true,SIN,Asia Pacific,Singapore,218 ms,0 kB/s
47.245.126.151,2053,true,SIN,Asia Pacific,Singapore,235 ms,0 kB/s
47.236.158.158,2096,true,SIN,Asia Pacific,Singapore,231 ms,0 kB/s
47.243.91.58,2083,true,HKG,Asia Pacific,Hong Kong,64 ms,0 kB/s
47.236.102.102,8443,true,SIN,Asia Pacific,Singapore,238 ms,0 kB/s
47.76.37.57,2096,true,HKG,Asia Pacific,Hong Kong,68 ms,0 kB/s
8.219.60.54,2087,true,SIN,Asia Pacific,Singapore,214 ms,0 kB/s
47.76.37.57,2087,true,HKG,Asia Pacific,Hong Kong,69 ms,0 kB/s
47.237.95.146,2087,true,SIN,Asia Pacific,Singapore,214 ms,0 kB/s
47.76.49.246,2053,true,HKG,Asia Pacific,Hong Kong,76 ms,0 kB/s
47.242.234.127,2083,true,HKG,Asia Pacific,Hong Kong,58 ms,0 kB/s
8.222.179.231,2083,true,SIN,Asia Pacific,Singapore,211 ms,0 kB/s
8.222.167.147,2083,true,SIN,Asia Pacific,Singapore,215 ms,0 kB/s
47.242.202.230,2096,true,HKG,Asia Pacific,Hong Kong,91 ms,0 kB/s
47.236.254.120,8443,true,SIN,Asia Pacific,Singapore,263 ms,0 kB/s
47.242.155.183,2053,true,HKG,Asia Pacific,Hong Kong,84 ms,0 kB/s
47.242.252.237,2053,true,HKG,Asia Pacific,Hong Kong,72 ms,0 kB/s
47.90.141.204,443,true,LAX,North America,Los Angeles,275 ms,0 kB/s
